<?xml version="1.0" encoding="UTF-8"?>

<configuration status="WARN">

    <properties>

        <property name="logMsgPattern">%d{HH:mm:ss} %-5level - %msg%n</property>

        <property name="logDir">logs/run</property><!-- ${sys:testLogDir} -->

    </properties>

    <appenders>

        <Console name="Console" target="SYSTEM_OUT">

            <PatternLayout pattern="${logMsgPattern}"/>

        </Console>

        <Routing name="Routing">
            <Routes pattern="$${ctx:threadId}">
                <Route>

                    <RollingFile name="RollingFile"

                                 fileName="${logDir}/last.log"
                                 filePattern="${logDir}/%d{yyyy-MM-dd}/archived_%d{HH-mm}.log">

                        <PatternLayout pattern="${logMsgPattern}"/>

                        <Policies>

                            <OnStartupTriggeringPolicy />

                        </Policies>

                    </RollingFile>

                </Route>

            </Routes>

        </Routing>

    </appenders>


    <loggers>

        <root level="debug">

            <appender-ref ref="Console" level="debug" />
            <appender-ref ref="Routing" level="debug"/>

        </root>

    </loggers>

</configuration>